Stat,total_selected_OPS
average,50.61666666666667
std,1.7038355424029505
