Stat,total_selected_OPS
average,25.266666666666666
std,3.5301872786329933
