Stat,total_selected_OPS
average,50.56666666666667
std,1.6265163865007801
