Stat,total_selected_OPS
average,16.683333333333334
std,3.8965440528185424
