Stat,total_selected_OPS
average,35.21666666666667
std,7.618161778860362
